<beans xmlns="http://www.springframework.org/schema/beans"
	xmlns:mvc="http://www.springframework.org/schema/mvc"
	 xmlns:context="http://www.springframework.org/schema/context"
	 	xmlns:wf="http://www.springframework.org/schema/webflow-config"
	xmlns:xsi="http://www.w3.org/2001/XMLSchema-instance"
	xsi:schemaLocation="
	http://www.springframework.org/schema/beans     
        http://www.springframework.org/schema/beans/spring-beans.xsd
        http://www.springframework.org/schema/mvc 
        http://www.springframework.org/schema/mvc/spring-mvc.xsd
         http://www.springframework.org/schema/webflow-config
        http://www.springframework.org/schema/webflow-config/spring-webflow-config.xsd
        http://www.springframework.org/schema/context 
        http://www.springframework.org/schema/context/spring-context.xsd">

	<context:component-scan base-package="com.niit.mylogin" />
	
	<bean id="viewResolver"
		class="org.springframework.web.servlet.view.InternalResourceViewResolver">
		<property name="prefix">
			<value>/WEB-INF/views/</value>
		</property>
		<property name="suffix">
			<value>.jsp</value>
		</property>
	</bean>
	<!-- id must be given -->
	
	<bean id="multipartResolver" class="org.springframework.web.multipart.support.StandardServletMultipartResolver" />
	<mvc:annotation-driven />
	<mvc:resources mapping="/resources/**" location="/resources/" />
	
	<!-- webFlow configuration -->
	<!-- entry point for webFlow -->
	
	<wf:flow-executor id="flowExecutor" flow-registry="flowRegistry"/>
	
	<wf:flow-registry id="flowRegistry" base-path="/WEB-INF/views/flows"
	flow-builder-services="flowBuilderServices">
	<wf:flow-location-pattern value="/**/*-flow.xml"/>
	</wf:flow-registry>
	
	<wf:flow-builder-services id="flowBuilderServices"
	view-factory-creator="viewFactoryCreator"/>
	
	<bean class="org.springframework.webflow.mvc.servlet.FlowHandlerAdapter">
	<property name="flowExecutor" ref="flowExecutor"></property>
	</bean>
	
	<bean class="org.springframework.webflow.mvc.servlet.FlowHandlerMapping">
	<property name="flowRegistry" ref="flowRegistry"></property>
	<property name="order" value="-1"></property>
	</bean>
	
	<bean id="viewFactoryCreator"
	class="org.springframework.webflow.mvc.builder.MvcViewFactoryCreator">
	<property name="viewResolvers" ref="viewResolver"/>
	</bean>
	
	
</beans>